Course Name,Department,Duration,Total Seats,Admission Mode,Eligibility Criteria,1st Sem Fee (Rs.),2nd Sem Fee (Rs.),Chairperson / HOD,Contact & Helpline,Admission Process
M.Com.,Commerce,2 Years,50,Merit,B.Com/BBA/BTM/BIM/BA/BSc with Economics/Maths with 45% marks,7998,4402,Dr. Jasvir Singh,helpdesk@crsu.ac.in / 01681-241069,Online via admission portal -> Document Verification -> Fee Submission
MBA,Management,2 Years,30,Entrance,Bachelor's degree of 3-year duration with 50% marks,16798,10050,Dr. Ajmer Singh,helpdesk@crsu.ac.in / 01681-241069,Online application -> Entrance Test -> Merit List -> Verification
B.Tech (CS-AI & ML),Computer Science,4 Years,30,JEE Rank / Merit,10+2 with English and Mathematics and 50% marks in aggregate,40000,30000,Dr. Anupam Bhatia,helpdesk@crsu.ac.in / 01681-241069,Online application -> JEE Rank/Merit List -> Document Verification
MCA,Computer Science,2 Years,30,Entrance,BCA or B.Sc/B.Tech with CS/IT with 50% marks or Math at 10+2 with PGDCA,16820,12380,Dr. Anupam Bhatia,helpdesk@crsu.ac.in / 01681-241069,Online application -> Entrance Test -> Merit List -> Verification
M.Sc. Physics,Physics,2 Years,30,Entrance,B.Sc. (Hons.) in Physics or Pass with Physics/Maths 50% marks,11050,6150,Prof. Anand Kumar,helpdesk@crsu.ac.in / 01681-241069,Online application -> Entrance Test -> Merit List -> Verification
M.Sc. Chemistry,Chemistry,2 Years,30,Entrance,B.Sc. (Hons.) in Chemistry or Pass with Chemistry 50% marks,11050,6150,Prof. Vishal Verma,helpdesk@crsu.ac.in / 01681-241069,Online application -> Entrance Test -> Merit List -> Verification
M.Sc. Mathematics,Mathematics,2 Years,50,Entrance,B.A./B.Sc. (Hons.) in Mathematics or Pass with Math 50% marks,11050,6150,Prof. Anand Kumar,helpdesk@crsu.ac.in / 01681-241069,Online application -> Entrance Test -> Merit List -> Verification
LL.B (Hons.) 3 years,Law,3 Years,60,Entrance,Bachelor Degree with 45% marks,24980,20650,Prof. Kuldeep Nara,helpdesk@crsu.ac.in / 01681-241069,Online application -> Entrance Test -> Merit List -> Verification
B.A. LL.B (Hons.) 5 years,Law,5 Years,60,Entrance,10+2 in any discipline with 45% marks,36980,32650,Prof. Kuldeep Nara,helpdesk@crsu.ac.in / 01681-241069,Online application -> Entrance Test -> Merit List -> Verification
M.A. English,English,2 Years,50,Entrance,Bachelor Degree with 45% marks,8298,3902,Prof. Sunil Kumar Phougat,helpdesk@crsu.ac.in / 01681-241069,Online application -> Entrance Test -> Merit List -> Verification
M.A. Hindi,Hindi,2 Years,50,Entrance,B.A. with Hindi as a subject with 50% marks,8298,3902,Prof. Sunil Kumar Phougat,helpdesk@crsu.ac.in / 01681-241069,Online application -> Entrance Test -> Merit List -> Verification
B.P.Ed.,Physical Education,2 Years,50,PET and Merit,Bachelor's degree with 50% marks + sports participation,9535,5665,Prof. Kuldeep Nara,helpdesk@crsu.ac.in / 01681-241069,Online app -> Physical Efficiency Test (PET) -> Merit List -> Verification
M.P.Ed.,Physical Education,2 Years,40,PET and Merit,B.Sc. (Physical Education) or B.P.Ed. with 50% marks,9645,5555,Prof. Kuldeep Nara,helpdesk@crsu.ac.in / 01681-241069,Online app -> Physical Efficiency Test (PET) -> Merit List -> Verification
M.A. Yoga Science,Yoga Science,2 Years,100,Entrance,Bachelor Degree with 45% marks,11295,6405,Prof. Kuldeep Nara,helpdesk@crsu.ac.in / 01681-241069,Online application -> Entrance Test -> Merit List -> Verification
BBA,Management,4 Years,60,Merit,10+2 Examination with English as one of the subjects,12402,5150,Dr. Ajmer Singh,helpdesk@crsu.ac.in / 01681-241069,Online application -> Merit List -> Document Verification -> Fee Submission
Bachelor of Hotel Management,Hotel & Tourism,4 Years,30,Merit,10+2 Examination,18320,13880,Dr. Ajmer Singh,helpdesk@crsu.ac.in / 01681-241069,Online application -> Merit List -> Document Verification -> Fee Submission
M.A. Mass Communication,Mass Communication,2 Years,30,Entrance,Bachelor Degree with 45% marks,8200,3805,Dr. Ajmer Singh,helpdesk@crsu.ac.in / 01681-241069,Online application -> Entrance Test -> Merit List -> Verification
M.Sc. Geography,Geography,2 Years,50,Entrance,B.A/B.Sc. with Geography 45% marks,15495,11705,Prof. Vishal Verma,helpdesk@crsu.ac.in / 01681-241069,Online application -> Entrance Test -> Merit List -> Verification
